1, 2022/03/28 20:32:02,952.47,952.8,17.4,67.3,16.5,89.3,11.231,22,40,33,35,31,42,27,25,31,33,24,43,46,42,51,47,65,65,65,66,65,66,65,65,66,66,67,66,66,67,67,67,202550,0,0,,,!w,,0,,V,
2, 2022/03/28 20:33:00,952.47,952.8,17.6,66.8,16.5,89.3,11.478,28,35,44,35,33,30,29,33,30,28,33,25,53,44,37,36,58,57,57,57,58,58,58,57,57,58,57,57,58,57,57,58,202648,34.47065,148.69397,577.5,1,5,1.3,0,0.61,A,280322
3, 2022/03/28 20:34:00,952.49,952.8,17.7,66.7,16.5,89.2,11.457,32,35,24,34,31,28,27,35,30,19,22,33,43,47,50,58,60,60,60,60,60,60,60,60,60,60,60,60,60,60,59,60,202748,34.47063,148.694,562.9,1,6,1.1,0,0.61,A,280322
4, 2022/03/28 20:35:00,952.5,952.7,17.9,66.7,16.5,89.3,11.462,29,26,33,38,30,22,28,26,30,35,35,30,48,37,45,40,60,60,60,60,60,60,60,60,60,60,60,60,60,60,59,60,202848,34.47061,148.694,552.5,1,6,1.1,0,0.61,A,280322
5, 2022/03/28 20:36:00,952.5,952.7,18,66.7,16.5,89.2,11.471,24,32,35,22,26,21,36,28,23,28,33,26,38,41,34,47,60,60,60,60,60,60,60,60,60,60,60,60,60,60,59,60,202948,34.4706,148.69402,548.1,1,6,1.1,0,0.61,A,280322
6, 2022/03/28 20:37:00,952.54,952.7,18.1,66.6,16.5,89.2,11.443,27,31,35,28,35,33,32,20,29,29,36,36,40,43,42,47,60,60,60,60,60,60,60,60,60,60,60,60,60,60,59,60,203048,34.47059,148.69402,546.2,1,6,1.1,0,0.61,A,280322
7, 2022/03/28 20:38:00,952.52,952.7,18.3,66.5,16.5,89.3,11.395,26,31,25,24,33,43,32,23,24,34,23,30,44,43,39,52,60,60,60,60,60,60,60,60,60,60,60,60,60,60,59,60,203144,34.47059,148.694,545.5,1,6,1.1,0.56,0.61,A,280322
8, 2022/03/28 20:39:00,952.42,952.5,18.4,66.4,16.5,89.1,11.394,31,32,32,25,31,37,20,24,34,29,36,33,47,50,52,47,60,60,60,60,60,60,60,60,60,60,60,60,60,60,60,60,203244,34.47155,148.69302,537.2,1,6,1.1,36.43,173.96,A,280322
9, 2022/03/28 20:40:00,951.94,952.1,18.6,66.3,16.6,88.8,11.423,32,38,34,26,24,34,22,29,29,21,35,44,40,53,47,50,60,60,60,60,60,60,60,60,60,60,60,60,60,60,60,60,203344,34.47444,148.69615,540.1,1,6,1.1,28.24,113.32,A,280322
10, 2022/03/28 20:41:00,950.63,950.8,18.7,66.2,16.6,88.7,11.419,27,35,32,36,31,28,22,34,38,27,26,32,43,47,44,56,60,60,60,60,60,60,60,60,60,60,60,60,60,60,60,60,203444,34.47641,148.69623,548,1,6,1.1,0,219.71,A,280322
11, 2022/03/28 20:42:00,950.78,951,18.9,66,16.5,88.9,11.419,38,38,27,39,34,33,30,33,29,25,30,23,42,45,49,42,60,60,60,60,60,60,60,60,60,60,60,60,60,60,60,60,203544,34.47601,148.69675,547.7,1,6,1.1,25.5,36.45,A,280322
12, 2022/03/28 20:43:00,951.68,951.8,19,66.1,16.5,89.2,11.433,35,39,37,28,23,27,31,36,28,35,32,30,43,48,57,42,60,60,60,59,60,60,60,60,60,60,60,60,60,60,60,60,203644,34.47498,148.69698,545.3,1,6,1.1,1.28,7.24,A,280322
13, 2022/03/28 20:44:00,951.82,951.9,19.1,66,16.5,89.4,11.407,37,33,25,34,28,24,22,27,31,29,33,20,47,47,41,35,60,60,60,59,60,60,60,60,60,60,60,60,60,60,60,60,203744,34.47478,148.69676,549,1,6,1.1,5.17,315.08,A,280322
14, 2022/03/28 20:45:00,951.37,951.4,19.3,65.8,16.5,89.3,11.396,28,29,33,27,29,29,31,29,32,36,36,34,31,33,42,48,60,60,60,59,60,60,60,60,60,60,60,60,60,60,60,60,203844,34.4753,148.69569,543.8,1,6,1.1,0.04,161.54,A,280322
15, 2022/03/28 20:46:00,951.36,951.5,19.4,65.7,16.5,89.4,11.397,31,19,40,29,28,24,30,24,31,37,32,34,46,47,54,58,60,60,60,59,60,60,60,60,60,60,60,60,60,60,60,60,203944,34.47527,148.69568,544.1,1,8,0.8,0.24,161.54,A,280322
16, 2022/03/28 20:47:00,951.37,951.4,19.5,65.6,16.5,89.2,11.402,32,23,29,34,20,25,26,33,28,43,33,31,41,52,33,40,60,60,60,59,60,60,60,60,60,60,60,60,60,60,60,60,204044,34.47527,148.69568,544.7,1,8,0.8,0,161.54,A,280322
17, 2022/03/28 20:48:00,951.37,951.5,19.7,65.5,16.5,89.2,11.38,31,33,32,28,24,27,24,23,29,39,28,31,55,41,48,49,60,60,60,59,60,60,60,60,60,60,60,60,60,60,60,60,204144,34.47527,148.69568,544.9,1,8,0.8,0,161.54,A,280322
18, 2022/03/28 20:49:00,951.37,951.5,19.8,65.3,16.5,89.2,11.377,27,39,23,33,20,29,23,24,25,27,31,24,30,50,43,47,60,60,60,59,60,60,60,60,60,60,60,60,60,60,60,60,204244,34.47527,148.69568,545,1,8,0.8,0,161.54,A,280322
19, 2022/03/28 20:50:00,951.42,951.5,20,65.2,16.5,89.2,11.393,35,25,37,38,33,29,37,30,40,31,41,29,51,58,56,51,60,60,60,59,60,60,60,60,60,60,60,60,60,60,60,60,204344,34.47527,148.69568,545,1,8,0.8,0,161.54,A,280322
20, 2022/03/28 20:51:00,951.39,951.4,20.1,65.1,16.5,89.3,11.416,40,39,31,30,37,36,33,26,27,35,29,43,42,48,55,51,60,60,60,59,60,60,60,60,60,60,60,60,60,60,60,60,204444,34.47527,148.69568,545.1,1,8,0.8,0,161.54,A,280322
21, 2022/03/28 20:52:00,951.38,951.5,20.2,65,16.5,89.2,11.408,35,34,24,24,30,23,21,27,29,21,25,31,53,53,36,46,60,60,60,59,60,60,60,60,60,60,60,60,60,60,60,60,204544,34.47527,148.69569,545.1,1,8,0.8,0,161.54,A,280322
22, 2022/03/28 20:53:00,951.26,951.3,20.3,64.8,16.5,89.4,11.415,37,30,31,35,30,36,30,30,26,38,36,25,38,45,34,40,60,60,60,59,60,60,60,60,60,60,60,60,60,60,60,60,204644,34.47541,148.6955,547.7,1,8,0.8,7.35,315.61,A,280322
23, 2022/03/28 20:54:00,951.9,951.9,20.4,64.7,16.5,89.5,11.408,24,29,32,27,28,29,26,31,32,32,29,41,45,40,40,34,60,60,60,59,60,60,60,60,60,60,60,60,60,60,60,60,204744,34.47436,148.69478,545,1,8,0.8,7.06,30.01,A,280322
24, 2022/03/28 20:55:00,951.84,951.9,20.5,64.5,16.5,89.3,11.393,46,36,22,28,35,29,33,25,26,33,26,38,44,41,50,44,60,60,60,59,60,60,60,60,60,60,60,60,60,60,60,60,204844,34.47491,148.69687,527.9,1,8,0.8,0,119.25,A,280322
25, 2022/03/28 20:56:00,951.78,951.8,20.7,64.5,16.5,89.1,11.427,26,25,35,31,23,28,31,31,40,27,26,28,34,44,37,49,60,60,60,60,60,60,60,60,60,60,60,60,60,60,60,60,204944,34.47495,148.6971,528,1,8,0.8,11.13,40.75,A,280322
26, 2022/03/28 20:57:00,951.26,951.3,20.8,64.3,16.6,89.1,11.434,38,29,28,29,27,27,27,28,32,28,37,25,54,53,39,50,60,60,60,60,60,60,60,60,60,60,60,60,60,60,60,60,205044,34.47586,148.70007,532.2,1,8,0.8,18.93,120.55,A,280322
27, 2022/03/28 20:58:00,951.55,951.6,20.9,64.2,16.6,88.8,11.43,24,36,35,21,25,32,27,32,26,36,29,25,54,43,38,47,60,60,60,60,60,60,60,60,60,60,60,60,60,60,60,60,205144,34.47512,148.69882,542.1,1,8,0.8,14.58,292.77,A,280322
28, 2022/03/28 20:59:00,952.03,952.1,21,64.1,16.7,88.8,11.425,30,37,28,35,27,24,23,27,22,34,34,35,40,47,43,50,60,60,60,60,60,60,60,60,60,60,60,60,60,60,60,60,205244,34.4739,148.69839,535.9,1,7,1,3.46,45.79,A,280322
29, 2022/03/28 21:00:00,952.08,952.1,21.1,64,16.6,88.8,11.432,32,35,26,24,23,29,26,31,33,33,27,32,33,44,41,49,60,60,60,60,60,60,60,60,60,60,60,60,60,60,60,60,205344,34.47378,148.69867,536.4,1,7,1,0,65.38,A,280322
30, 2022/03/28 21:01:00,952.05,952.1,21.2,63.9,16.6,88.9,11.427,34,22,30,22,33,30,27,33,25,27,39,35,47,44,38,52,60,60,60,60,60,60,60,60,60,60,60,60,60,60,60,60,205444,34.47378,148.69867,536.4,1,7,1,0,65.38,A,280322
31, 2022/03/28 21:02:00,952.07,952.1,21.4,63.8,16.6,89,11.411,34,29,27,31,25,27,28,31,30,26,23,33,52,47,49,48,60,60,60,60,60,60,60,60,60,60,60,60,60,60,60,60,205544,34.47377,148.69867,536.3,1,7,1,0,65.38,A,280322
32, 2022/03/28 21:03:00,952.11,952.2,21.5,63.5,16.6,89,11.434,31,36,24,27,32,28,21,29,26,30,28,36,44,37,50,40,60,60,60,60,60,60,60,60,60,60,60,60,60,60,60,60,205644,34.47377,148.69867,535.8,1,7,1,0,65.38,A,280322
33, 2022/03/28 21:04:00,952.11,952.2,21.6,63.4,16.6,89,11.408,31,27,23,40,30,20,22,36,31,27,37,29,33,55,38,53,60,60,60,60,60,60,60,60,60,60,60,60,60,60,60,60,205744,34.47373,148.69867,532.8,1,7,1,0.04,65.38,A,280322
34, 2022/03/28 21:05:00,952.2,952.3,21.7,63.3,16.7,89.1,11.395,30,34,28,25,27,23,21,24,34,38,24,29,57,45,45,32,60,60,60,60,60,60,60,60,60,60,60,60,60,60,60,60,205844,34.47354,148.69873,526.3,1,7,1,4.78,325.8,A,280322
35, 2022/03/28 21:06:00,952.54,952.6,21.7,63.2,16.7,89.5,11.426,43,33,42,27,23,31,29,34,23,29,31,38,42,42,40,48,60,60,60,60,60,60,60,60,60,60,60,60,60,60,60,60,205944,34.4733,148.69847,527.7,1,6,1.1,0,326.9,A,280322
36, 2022/03/28 21:07:00,952.57,952.6,21.8,63,16.8,89.5,11.435,29,35,32,22,26,32,28,31,29,28,35,34,48,28,36,48,60,60,60,60,60,60,60,60,60,60,60,60,60,60,60,60,210044,34.4733,148.69847,527.8,1,7,1,0,326.9,A,280322
37, 2022/03/28 21:08:00,952.58,952.6,21.9,62.9,16.7,89.5,11.389,27,24,32,22,16,26,19,23,30,20,31,24,39,38,41,40,60,60,60,60,60,60,60,60,60,60,60,60,60,59,60,60,210144,34.4733,148.69847,528.4,1,7,1,0,326.9,A,280322
38, 2022/03/28 21:09:00,952.61,952.7,22,62.8,16.7,89.4,11.429,32,23,24,26,30,25,28,30,28,29,28,24,45,40,42,44,60,60,60,60,60,60,60,60,60,60,60,60,60,59,60,60,210244,34.4733,148.69847,528.8,1,6,1.1,0,326.9,A,280322
39, 2022/03/28 21:10:00,952.62,952.7,22.1,62.7,16.7,89.5,11.416,33,32,28,25,25,15,39,32,36,38,30,30,50,54,51,31,60,60,60,60,60,60,60,60,60,60,60,60,60,59,60,60,210344,34.4733,148.69847,529.1,1,6,1.1,0,326.9,A,280322
40, 2022/03/28 21:11:00,952.65,952.7,22.2,62.6,16.7,89.4,11.372,33,27,27,26,26,29,28,20,26,23,33,37,34,34,39,44,60,60,60,60,60,60,60,60,60,60,60,60,60,59,60,60,210444,34.4733,148.69844,529.6,1,6,1.1,0,326.9,A,280322
41, 2022/03/28 21:12:00,952.67,952.7,22.3,62.5,16.7,89.6,11.412,29,23,24,32,29,33,25,12,27,34,25,43,42,33,42,38,60,60,60,60,60,60,60,60,60,60,60,60,60,59,60,60,210544,34.4733,148.69844,529.5,1,6,1.1,0,326.9,A,280322
42, 2022/03/28 21:13:00,953.16,953.3,22.4,62.3,16.8,89.3,11.405,32,26,32,30,30,27,27,28,25,24,30,32,40,40,39,48,60,60,60,60,60,60,60,60,60,60,60,60,60,59,60,60,210644,34.47208,148.69888,531.8,1,5,1.4,9.43,26.45,A,280322
43, 2022/03/28 21:14:00,953.54,953.6,22.5,62.2,16.8,89,11.424,27,31,25,23,20,30,27,26,28,30,40,26,41,44,40,43,60,60,60,60,60,60,60,60,60,60,60,60,60,59,60,60,210744,34.47046,148.69977,533.3,1,5,1.4,9.72,56.07,A,280322
44, 2022/03/28 21:15:00,953.3,953.4,22.6,62.1,16.9,89.1,11.426,30,31,25,35,31,33,36,30,32,35,37,34,42,33,39,41,60,60,60,60,60,60,60,60,60,60,60,60,60,59,60,60,210844,34.47001,148.70236,525.7,1,6,1.1,0,129.42,A,280322
45, 2022/03/28 21:16:00,953.33,953.4,22.6,62,16.9,89.1,11.427,31,13,34,25,28,21,21,25,29,38,27,30,45,32,32,32,60,60,60,60,60,60,60,60,60,60,60,60,60,59,60,60,210944,34.46996,148.70251,527,1,6,1.1,0.17,22.06,A,280322
46, 2022/03/28 21:17:00,953.22,953.3,22.7,61.9,16.9,89.2,11.431,30,28,33,23,21,26,26,22,23,34,16,38,40,53,41,40,60,60,60,60,60,60,60,60,60,60,60,60,60,59,60,60,211044,34.46915,148.70279,534.9,1,6,1.1,0,23.66,A,280322
47, 2022/03/28 21:18:00,953.23,953.3,22.8,61.8,16.9,89.3,11.391,35,31,24,33,33,31,26,18,20,31,28,31,46,46,52,47,60,60,60,60,60,60,60,60,60,60,60,60,60,59,60,60,211144,34.46903,148.70282,534.5,1,6,1.1,0,6.89,A,280322
48, 2022/03/28 21:19:00,953.22,953.3,22.9,61.8,16.9,89.4,11.42,29,32,22,20,23,31,26,37,28,32,29,28,38,51,41,41,60,60,60,60,60,60,60,60,60,60,60,60,60,59,60,60,211244,34.46903,148.70282,534.2,1,6,1.1,0,6.89,A,280322
49, 2022/03/28 21:20:00,953.24,953.3,23,61.7,17,89.4,11.368,27,26,23,21,22,33,20,35,30,24,25,37,39,45,36,41,60,60,60,60,60,60,60,60,60,60,60,60,60,59,60,60,211344,34.46903,148.70282,533.9,1,6,1.1,0,6.89,A,280322
50, 2022/03/28 21:21:00,953.23,953.3,23,61.5,16.9,89.1,11.342,34,36,22,26,18,21,27,32,31,26,32,26,45,44,41,37,60,60,60,60,60,60,60,60,60,60,60,60,60,59,60,60,211444,34.46903,148.70282,533.8,1,6,1.1,0,6.89,A,280322
51, 2022/03/28 21:22:00,953.22,953.3,23.1,61.5,17,89.3,11.405,30,36,29,21,23,39,20,14,34,28,30,20,41,36,43,43,60,60,60,60,60,60,60,60,60,60,60,60,60,60,60,60,211544,34.46903,148.70282,533.8,1,6,1.1,0,6.89,A,280322
52, 2022/03/28 21:23:00,953.25,953.3,23.2,61.4,17,89.3,11.418,34,29,21,21,29,18,30,26,22,27,33,36,39,37,43,45,60,60,60,60,60,60,60,60,60,60,60,60,60,60,60,60,211644,34.46903,148.70282,533.8,1,6,1.1,0,6.89,A,280322
53, 2022/03/28 21:24:00,953.21,953.4,23.3,61.2,17,89.1,11.384,35,30,24,41,22,26,27,27,32,24,33,32,34,38,42,41,60,60,59,60,60,60,60,60,60,60,60,60,60,60,60,60,211744,34.46856,148.70297,534.8,1,6,1.1,21.37,19.95,A,280322
54, 2022/03/28 21:25:00,953.52,953.6,23.3,61,17,88.5,11.408,26,29,28,25,16,22,17,26,23,27,26,27,35,42,36,42,60,60,59,60,60,60,60,60,60,60,60,60,60,60,60,60,211844,34.46516,148.70389,529.5,1,6,1.1,12.17,3.96,A,280322
55, 2022/03/28 21:26:00,953.94,953.9,23.4,60.8,17.1,88.2,11.379,29,28,22,35,32,24,30,31,33,32,36,27,37,50,36,36,60,60,59,60,60,60,60,60,60,60,59,60,60,60,60,60,211944,34.46604,148.7016,522.2,1,6,1.1,25.74,191.15,A,280322
56, 2022/03/28 21:27:00,953.73,953.8,23.5,60.7,17.1,88.1,11.411,25,24,34,20,22,19,23,23,33,28,19,31,52,41,39,50,60,60,59,60,60,60,60,60,60,60,59,60,60,60,60,60,212044,34.46803,148.70079,522.2,1,6,1.1,0,266.07,A,280322
57, 2022/03/28 21:28:00,953.72,953.8,23.5,60.8,17.2,87.9,11.423,24,23,40,23,20,27,26,24,34,26,26,35,44,38,27,40,60,60,59,60,60,60,60,60,60,60,59,60,60,60,60,60,212144,34.46803,148.70079,522.4,1,6,1.1,0,266.07,A,280322
58, 2022/03/28 21:29:00,953.77,953.8,23.6,60.7,17.2,87.6,11.412,35,33,24,16,24,28,35,20,29,26,38,31,38,49,55,33,60,60,59,60,60,60,60,60,60,60,59,60,60,60,60,60,212244,34.46803,148.70079,522.7,1,6,1.1,0,266.07,A,280322
59, 2022/03/28 21:30:00,953.8,953.8,23.7,60.6,17.2,87.5,11.417,30,31,22,25,30,25,32,33,25,36,27,26,39,44,54,48,60,60,59,60,60,60,60,60,60,60,59,60,60,60,60,60,212344,34.46803,148.70079,522.8,1,6,1.1,0,266.07,A,280322
60, 2022/03/28 21:31:00,953.74,953.9,23.7,60.6,17.2,87.1,11.441,19,30,28,30,24,24,25,21,24,22,33,19,29,53,28,46,60,60,59,60,60,60,60,60,60,60,59,60,60,60,60,60,212444,34.468,148.70065,527.6,1,6,1.1,7.22,304.08,A,280322
61, 2022/03/28 21:32:00,954.12,954.2,23.9,60.3,17.3,87.4,11.406,29,28,22,37,40,31,24,26,31,32,30,32,46,49,31,29,60,60,59,60,60,60,60,60,60,60,59,60,60,60,60,60,212544,34.46526,148.7011,526.1,1,6,1.1,12.7,280,A,280322
62, 2022/03/28 21:33:00,953.9,954,24,60.2,17.5,87.3,11.432,26,29,24,32,22,26,28,23,24,23,27,23,41,38,35,46,60,59,59,60,60,60,60,60,60,60,59,60,60,60,60,60,212644,34.46732,148.7003,519.2,1,6,1.2,0,188.96,A,280322
63, 2022/03/28 21:34:00,953.9,954,24,60.2,17.4,86.3,11.378,22,25,22,23,26,29,22,19,24,28,26,29,36,34,43,39,60,59,59,60,60,60,60,60,60,60,59,60,60,60,60,60,212744,34.46731,148.7003,519.2,1,6,1.2,0,188.96,A,280322
64, 2022/03/28 21:35:00,953.91,954,24,60.2,17.4,86.1,11.412,33,24,31,23,30,22,30,42,24,34,28,28,40,46,41,45,60,59,59,60,60,60,60,60,60,60,59,60,60,60,60,60,212844,34.46732,148.7003,519.8,1,6,1.2,0,188.96,A,280322
65, 2022/03/28 21:36:00,953.92,954,24.1,60.1,17.4,85.9,11.427,33,30,23,24,32,26,26,26,30,23,22,34,40,44,41,42,60,59,59,60,60,60,60,60,60,60,59,60,60,60,60,60,212944,34.46732,148.7003,520,1,6,1.2,0,188.96,A,280322
66, 2022/03/28 21:37:00,953.98,954,24.2,60.1,17.4,85.9,11.373,24,30,20,32,14,23,14,26,28,27,28,34,35,38,24,38,60,59,59,60,60,60,60,60,60,60,59,60,60,60,60,60,213044,34.46732,148.7003,519.9,1,6,1.2,0,188.96,A,280322
67, 2022/03/28 21:38:00,953.96,954.1,24.2,60,17.4,86,11.4,23,29,33,20,26,22,22,31,28,25,37,33,31,39,30,28,60,59,60,60,60,60,60,60,60,60,60,60,60,60,60,60,213144,34.46732,148.7003,519.8,1,6,1.2,0,188.96,A,280322
68, 2022/03/28 21:39:00,953.81,953.8,24.3,59.8,17.5,85.7,11.404,27,20,20,27,23,32,25,20,28,31,32,32,40,43,34,49,60,59,60,60,60,60,60,60,60,60,60,60,60,60,60,60,213244,34.4692,148.6998,510.2,1,6,1.2,15.22,230.68,A,280322
69, 2022/03/28 21:40:00,954.08,954.2,24.4,59.8,17.6,84.9,11.413,32,28,28,26,31,20,23,28,26,30,28,25,37,40,50,48,60,59,60,60,60,60,60,60,60,60,60,60,60,60,60,60,213344,34.46801,148.69737,528.4,1,6,1.2,14.91,10.51,A,280322
70, 2022/03/28 21:41:00,954.36,954.5,24.4,59.7,17.7,84.8,11.429,25,27,29,24,25,27,24,21,22,28,33,34,35,40,28,32,60,59,60,60,60,60,60,60,60,60,60,60,60,60,60,60,213444,34.46609,148.69759,528.4,1,6,1.2,16.89,12.97,A,280322
71, 2022/03/28 21:42:00,954.38,954.5,24.5,59.7,17.8,85.2,11.388,22,28,31,30,32,26,25,18,30,23,28,27,48,45,36,40,60,59,60,60,60,60,60,60,60,60,60,60,60,60,60,60,213544,34.46555,148.69768,525.1,1,5,1.3,0,323.6,A,280322
72, 2022/03/28 21:43:00,954.42,954.5,24.5,59.7,17.9,84.7,11.437,20,27,21,21,18,22,20,25,25,25,35,42,44,43,41,38,60,59,60,60,60,60,60,60,60,60,60,60,60,60,60,60,213644,34.46555,148.69768,525.6,1,6,1.3,0,323.6,A,280322
73, 2022/03/28 21:44:00,954.43,954.6,24.6,59.6,17.9,84.2,11.438,22,35,30,33,20,31,27,18,22,24,21,33,41,44,43,44,60,60,60,60,60,60,60,60,59,60,60,60,60,60,60,60,213744,34.46554,148.69768,525.9,1,6,1.3,0,323.6,A,280322
74, 2022/03/28 21:45:00,954.43,954.6,24.7,59.6,18,84.2,11.404,28,29,28,33,28,31,20,22,25,26,32,41,32,51,39,61,60,60,60,60,60,60,60,60,59,60,60,60,60,60,60,60,213844,34.46554,148.69768,525.7,1,6,1.3,0,323.6,A,280322
75, 2022/03/28 21:46:00,954.44,954.6,24.7,59.5,18.1,83.8,11.411,25,35,28,23,26,34,23,33,37,18,23,27,55,39,54,49,60,60,60,60,60,60,60,60,59,60,60,60,60,60,60,60,213944,34.46554,148.69768,525.5,1,6,1.3,0,323.6,A,280322
76, 2022/03/28 21:47:00,954.46,954.6,24.8,59.5,18.2,83.7,11.445,24,21,30,18,23,20,19,32,23,28,19,27,43,43,43,40,60,60,60,60,60,60,60,60,59,60,60,60,60,60,60,60,214044,34.46554,148.69768,524.6,1,6,1.3,0,323.6,A,280322
77, 2022/03/28 21:48:00,954.48,954.6,24.8,59.4,18.3,83.1,11.423,26,38,27,20,23,28,28,32,19,20,31,18,41,50,43,47,60,60,60,60,60,60,60,60,59,60,60,60,60,60,60,60,214144,34.46554,148.69768,524.5,1,6,1.3,0,323.6,A,280322
78, 2022/03/28 21:49:00,954.52,954.7,24.9,59.3,18.3,82.1,11.439,41,26,28,24,26,27,26,26,25,26,29,24,50,50,37,31,60,60,60,60,60,60,60,60,59,60,60,60,60,60,60,60,214244,34.46572,148.69606,527.9,1,6,1.4,29.09,262.63,A,280322
79, 2022/03/28 21:50:00,954.51,954.6,25,59.2,18.3,82,11.435,32,27,22,26,24,31,25,29,39,28,28,37,44,44,46,35,60,60,60,60,60,60,60,60,59,60,60,60,60,60,60,60,214344,34.46603,148.6931,536.9,1,6,1.4,0,263.96,A,280322
80, 2022/03/28 21:51:00,954.52,954.7,25,59.2,18.3,81.6,11.446,32,33,25,32,22,28,24,31,36,38,34,36,32,43,29,42,60,60,60,60,60,60,60,60,59,60,60,60,60,60,60,60,214444,34.46603,148.6931,536.9,1,6,1.4,0,263.96,A,280322
81, 2022/03/28 21:52:00,954.52,954.7,25.1,59.2,18.2,80.2,11.447,18,25,18,19,21,22,27,29,29,35,28,26,43,47,49,41,60,60,60,60,60,60,60,60,59,60,60,60,60,60,60,60,214544,34.46603,148.69316,536.9,1,6,1.4,0,263.96,A,280322
82, 2022/03/28 21:53:00,954.52,954.7,25.1,59.1,18.1,81.3,11.381,32,19,30,32,22,22,27,33,29,24,27,28,49,39,39,46,60,60,60,60,60,60,60,59,59,60,60,60,60,60,60,60,214644,34.46603,148.69316,536.9,1,6,1.5,0,263.96,A,280322
83, 2022/03/28 21:54:00,954.54,954.7,25.2,59.1,18.2,80.7,11.445,24,35,26,25,23,24,28,29,32,35,29,21,50,48,32,38,60,60,60,60,60,60,60,59,59,60,60,60,60,60,60,60,214744,34.46603,148.69316,536.8,1,6,1.5,0,263.96,A,280322
84, 2022/03/28 21:55:00,954.59,954.7,25.2,59,18.1,80.7,11.432,27,21,23,23,21,35,27,23,19,34,24,24,38,34,30,53,60,60,60,60,60,60,60,59,59,60,60,60,60,60,60,60,214844,34.46603,148.69316,536.5,1,6,1.5,0,263.96,A,280322
85, 2022/03/28 21:56:00,954.2,954.3,25.3,58.9,18.1,79.9,11.435,30,36,33,40,36,25,25,22,39,30,31,23,38,58,49,45,60,60,60,60,60,60,60,59,59,60,60,60,60,60,60,60,214944,34.4671,148.69257,532.1,1,6,1.5,0,162.89,A,280322
86, 2022/03/28 21:57:00,954.22,954.4,25.4,58.8,18.1,80.3,11.488,32,24,37,33,25,41,37,32,34,23,28,39,39,40,44,59,60,60,60,60,60,60,60,59,59,60,60,60,60,60,60,60,215044,34.46736,148.69321,530.4,1,6,1.6,3.35,85.42,A,280322
87, 2022/03/28 21:58:00,954.45,954.6,25.4,58.7,18.1,80.9,11.496,29,26,25,30,28,27,23,29,28,28,36,33,32,48,56,47,60,60,60,60,60,60,60,59,59,60,60,60,60,60,60,60,215144,34.46719,148.69492,526.3,1,7,1.6,0,79.51,A,280322
88, 2022/03/28 21:59:00,954.43,954.6,25.5,58.8,18.1,80.4,11.483,30,32,29,23,28,20,26,30,28,25,27,24,34,58,34,43,60,60,60,60,60,60,60,59,59,59,60,60,60,60,60,60,215244,34.46719,148.69492,526.2,1,7,1.6,0,79.51,A,280322
89, 2022/03/28 22:00:00,954.52,954.6,25.5,58.7,18.1,80.7,11.482,27,36,18,26,15,19,35,20,39,37,31,27,45,30,42,50,60,60,60,60,60,60,60,59,60,59,60,60,60,60,60,60,215344,34.46718,148.69492,526,1,6,1.8,0,79.51,A,280322
90, 2022/03/28 22:01:00,954.46,954.6,25.6,58.7,18,80.5,11.498,29,29,32,24,20,30,29,24,24,31,29,28,31,33,40,44,60,60,60,60,60,60,60,59,60,59,60,59,60,60,60,60,215444,34.46718,148.69492,526,1,7,1.7,0,79.51,A,280322
91, 2022/03/28 22:02:00,954.43,954.6,25.7,58.6,18,80.1,11.508,31,29,19,25,18,29,23,25,34,26,40,32,31,44,29,33,60,60,60,60,60,60,60,59,60,59,60,59,60,60,60,60,215544,34.46718,148.69492,526,1,7,1.7,0,79.51,A,280322
92, 2022/03/28 22:03:00,954.41,954.6,25.8,58.5,18,80.6,11.491,27,28,26,28,18,31,30,22,27,21,24,32,42,52,52,32,60,60,60,60,60,60,60,59,60,59,60,59,60,60,60,60,215644,34.46718,148.69492,526,1,7,1.8,0,79.51,A,280322
93, 2022/03/28 22:04:00,954.42,954.6,25.8,58.5,17.9,80.4,11.461,19,32,30,31,22,20,28,17,29,32,23,28,43,42,40,42,60,60,60,60,60,60,60,59,60,59,60,59,60,60,60,60,215744,34.46718,148.69492,526.1,1,7,1.8,0,79.51,A,280322
94, 2022/03/28 22:05:00,954.41,954.6,25.8,58.5,17.9,80.5,11.502,31,30,22,31,19,26,29,30,31,22,33,29,33,52,59,28,60,60,60,60,60,60,60,60,60,59,60,59,60,60,60,60,215844,34.46718,148.69492,526.1,1,7,1.9,0,79.51,A,280322
95, 2022/03/28 22:06:00,954.43,954.6,25.9,58.4,17.9,80,11.509,31,36,27,30,23,23,23,29,28,27,32,26,39,38,39,31,60,60,60,60,60,60,60,60,60,59,60,59,60,60,60,60,215944,34.46719,148.69492,526.3,1,6,2,0,79.51,A,280322
96, 2022/03/28 22:07:00,954.18,954.3,25.9,58.3,17.9,80.4,11.453,25,24,28,28,43,33,23,27,34,16,34,29,46,37,42,29,60,60,60,60,60,60,60,60,60,60,60,59,60,60,60,60,220044,34.4678,148.69402,524.7,1,7,1.9,20.74,266.38,A,280322
97, 2022/03/28 22:08:00,953.39,953.6,26,58.2,18,80.4,11.52,34,24,32,27,15,31,24,28,39,31,30,30,40,47,32,37,60,60,60,60,60,60,60,60,60,60,60,59,60,60,60,60,220144,34.46981,148.69382,525.1,1,6,2,0.89,175.43,A,280322
98, 2022/03/28 22:09:00,953.37,953.6,26,58.2,18,79.8,11.507,35,26,26,27,23,21,21,31,23,27,27,46,52,42,38,51,60,60,60,60,60,60,60,60,60,60,60,59,60,60,60,60,220244,34.46981,148.69382,548.3,1,8,0.9,0.19,85.26,A,280322
99, 2022/03/28 22:10:00,953.36,953.5,26.1,58.2,18,80.1,11.493,30,31,26,34,31,24,29,30,33,28,24,29,46,44,48,47,60,60,60,60,60,60,60,60,60,60,60,59,60,60,60,60,220344,34.46981,148.69374,553,1,8,0.9,0.35,85.26,A,280322
100, 2022/03/28 22:11:00,953.37,953.5,26.1,58.1,18.1,80,11.526,40,40,25,30,28,26,25,26,27,28,37,32,48,47,39,33,60,60,60,60,60,60,60,60,60,60,60,59,60,60,60,60,220444,34.4698,148.69374,551.2,1,8,0.9,0.2,85.26,A,280322
101, 2022/03/28 22:12:00,953.35,953.5,26.2,58.1,18.1,79.2,11.513,22,32,25,31,29,28,37,24,29,28,24,45,38,38,40,43,60,60,60,60,60,60,60,60,60,60,60,59,60,60,60,60,220544,34.46981,148.69382,537.1,1,8,0.8,0.17,85.26,A,280322
102, 2022/03/28 22:13:00,953.34,953.5,26.2,58,18.1,79.2,11.487,22,28,29,34,30,30,28,34,32,33,21,40,35,39,39,44,60,60,60,60,60,60,60,60,60,60,60,60,60,60,60,60,220644,34.46982,148.69379,532.7,1,8,0.8,0,85.26,A,280322
103, 2022/03/28 22:14:00,953.34,953.5,26.3,58,18.1,79.3,11.503,29,30,26,34,23,34,28,21,34,27,31,34,44,42,38,60,60,60,60,60,60,60,60,60,60,60,60,60,60,60,60,60,220744,34.46983,148.69379,532.2,1,8,0.8,0.13,85.26,A,280322
104, 2022/03/28 22:15:00,953.36,953.5,26.3,58,18.2,78.4,11.519,35,37,29,31,22,30,34,39,21,38,22,25,46,34,39,45,60,60,60,60,60,60,60,60,60,60,60,60,60,60,60,60,220844,34.46984,148.69379,532.7,1,8,0.8,0,85.26,A,280322
105, 2022/03/28 22:16:00,953.33,953.5,26.4,57.9,18.3,78.4,11.523,28,35,30,17,26,33,26,32,24,24,24,24,46,43,44,50,60,60,60,60,60,60,60,60,60,60,60,60,60,60,60,60,220944,34.46984,148.69379,532.7,1,8,0.8,0,85.26,A,280322
106, 2022/03/28 22:17:00,953.34,953.6,26.4,57.9,18.2,78.3,11.514,29,35,28,28,29,27,19,31,35,35,31,30,51,71,38,44,60,60,60,60,60,60,60,60,60,60,60,60,60,60,60,60,221044,34.46984,148.69379,532.6,1,8,0.8,0,85.26,A,280322
107, 2022/03/28 22:18:00,953.37,953.6,26.5,57.8,18.3,78.6,11.546,23,33,27,33,27,28,28,30,29,31,37,27,44,45,49,42,60,60,60,60,60,60,60,60,60,60,60,60,60,60,60,60,221144,34.46984,148.69379,532.6,1,8,0.8,0,85.26,A,280322
108, 2022/03/28 22:19:00,953.34,953.5,26.6,57.8,18.4,77.3,11.541,33,28,39,34,18,22,19,23,15,30,36,46,48,53,44,47,60,60,60,60,60,60,60,60,60,60,60,60,60,60,60,60,221244,34.46984,148.69379,533.2,1,7,2.1,0,85.26,A,280322
109, 2022/03/28 22:20:00,953.34,953.5,26.6,57.8,18.4,77.5,11.511,28,35,30,23,28,24,29,18,24,28,33,36,48,43,44,56,60,60,60,60,60,60,60,60,60,60,60,60,60,60,60,60,221344,34.46984,148.69379,533.5,1,7,2,0,85.26,A,280322
110, 2022/03/28 22:21:00,953.34,953.6,26.7,57.7,18.4,77,11.52,33,36,26,35,32,30,34,27,34,28,32,42,42,40,50,42,60,60,60,60,60,60,60,60,60,60,60,60,60,60,60,60,221444,34.46983,148.69379,533.7,1,7,2,0,85.26,A,280322
111, 2022/03/28 22:22:00,953.36,953.6,26.7,57.7,18.5,77.7,11.536,33,30,33,29,25,32,21,25,33,31,26,37,45,47,47,37,60,60,60,60,60,60,60,60,60,60,60,60,60,60,60,60,221544,34.46983,148.69379,533.9,1,7,2,0,85.26,A,280322
112, 2022/03/28 22:23:00,953.37,953.6,26.8,57.7,18.6,78.2,11.524,32,36,25,25,24,24,28,19,29,27,28,33,23,40,43,47,60,60,60,60,60,60,60,60,60,60,60,60,60,60,60,60,221644,34.46983,148.69379,534.3,1,7,1.9,0,85.26,A,280322
113, 2022/03/28 22:24:00,953.36,953.6,26.8,57.6,18.6,76.9,11.537,30,31,30,24,26,26,33,25,28,34,29,30,36,40,30,38,60,60,60,60,60,60,60,60,60,60,60,60,60,60,60,60,221744,34.46983,148.69385,534.7,1,7,1.9,0.46,85.26,A,280322
114, 2022/03/28 22:25:00,953.39,953.6,26.9,57.6,18.6,77.4,11.545,35,29,39,33,17,24,34,33,26,32,33,35,31,41,42,43,60,60,60,60,60,60,60,60,60,60,60,60,60,60,60,60,221844,34.46984,148.69385,534.9,1,7,1.8,0,85.26,A,280322
115, 2022/03/28 22:26:00,953.35,953.6,26.9,57.5,18.6,76,11.513,26,36,31,29,24,23,17,25,30,33,28,29,41,43,50,52,60,60,60,60,60,60,60,60,60,60,60,60,60,60,60,60,221944,34.46984,148.69385,534.9,1,7,1.8,0,85.26,A,280322
116, 2022/03/28 22:27:00,953.28,953.5,27,57.5,18.6,76.5,11.531,43,23,37,30,23,31,32,33,34,36,34,29,61,34,47,41,60,60,60,60,60,60,60,60,60,60,60,60,60,60,60,60,222044,34.47026,148.6937,535.5,1,7,1.7,14.06,229.97,A,280322
117, 2022/03/28 22:28:00,953.13,953.3,27,57.4,18.6,75.3,11.542,35,37,32,32,24,28,25,26,30,25,28,32,41,48,31,51,60,60,60,60,60,60,60,60,60,60,60,60,60,60,60,60,222144,34.47071,148.69359,534.6,1,7,1.7,0,88.84,A,280322
118, 2022/03/28 22:29:00,953.14,953.4,27,57.4,18.5,76.1,11.54,23,30,28,32,25,32,21,30,29,29,28,38,34,35,31,51,60,60,60,60,60,60,60,60,60,60,60,60,60,60,60,60,222244,34.4707,148.69359,534.7,1,7,1.6,0,88.84,A,280322
119, 2022/03/28 22:30:00,953.21,953.3,27.1,57.4,18.7,75.9,11.545,37,28,32,40,33,31,19,35,33,33,27,20,53,39,45,37,60,60,60,60,60,60,60,60,60,60,60,60,60,60,60,60,222344,34.4707,148.69359,534.8,1,7,1.6,0,88.84,A,280322
120, 2022/03/28 22:31:00,953.15,953.3,27.2,57.3,18.7,75.2,11.556,35,33,25,36,29,31,24,26,28,33,31,37,36,39,46,41,60,60,60,60,60,60,60,60,60,60,60,60,60,60,60,60,222444,34.4707,148.69359,534.9,1,7,1.5,0,88.84,A,280322
121, 2022/03/28 22:32:00,953.13,953.4,27.2,57.3,18.8,74.7,11.538,29,23,37,29,23,25,23,26,25,29,29,38,42,50,44,46,60,60,60,60,60,60,60,60,60,60,60,60,60,60,60,60,222544,34.4707,148.69359,535.1,1,7,1.5,0,88.84,A,280322
122, 2022/03/28 22:33:00,953.12,953.3,27.3,57.2,18.9,75.5,11.551,31,34,29,26,28,24,19,32,30,30,36,32,52,34,58,52,60,60,60,60,60,60,60,60,60,60,60,60,60,60,60,60,222644,34.47069,148.69359,535.2,1,7,1.4,0,88.84,A,280322
123, 2022/03/28 22:34:00,953.08,953.3,27.3,57.2,19,73.6,11.533,29,19,17,23,20,31,32,24,28,26,33,28,47,48,47,40,60,60,60,60,60,60,59,60,60,60,60,60,60,60,60,60,222744,34.47069,148.69359,535.2,1,7,1.4,0,88.84,A,280322
124, 2022/03/28 22:35:00,953.08,953.3,27.4,57.2,19,74.4,11.536,44,39,24,30,30,20,28,25,28,27,27,34,57,55,35,40,60,60,60,60,60,60,59,60,60,60,60,60,60,60,60,60,222844,34.47069,148.69359,535.3,1,7,1.4,0,88.84,A,280322
125, 2022/03/28 22:36:00,953.1,953.4,27.4,57.2,19.2,73.7,11.519,43,32,24,23,21,30,27,26,41,32,28,27,41,41,43,45,60,60,60,60,60,60,59,60,60,60,60,60,60,60,60,60,222944,34.47069,148.69359,535.4,1,7,1.3,0,88.84,A,280322
126, 2022/03/28 22:37:00,953.12,953.3,27.5,57.2,19.1,73.6,11.553,44,38,38,22,19,26,32,27,30,29,34,30,33,35,41,53,60,60,60,60,60,60,59,60,60,60,60,60,60,60,60,60,223044,34.47069,148.69359,535.4,1,7,1.3,0,88.84,A,280322
127, 2022/03/28 22:38:00,953.14,953.4,27.5,57.1,19,73.8,11.54,27,28,28,31,21,33,25,31,29,37,34,27,43,46,38,41,60,60,60,60,60,60,59,60,60,60,60,60,60,60,60,60,223144,34.47069,148.69359,535.2,1,7,1.3,0,88.84,A,280322
128, 2022/03/28 22:39:00,953.1,953.4,27.6,57.1,19,73.4,11.549,38,31,25,17,26,34,33,31,30,21,31,34,37,43,43,35,60,60,60,60,60,60,59,60,60,60,60,60,60,60,60,60,223244,34.47069,148.69359,535.1,1,7,1.2,0,88.84,A,280322
129, 2022/03/28 22:40:00,953.11,953.3,27.6,57.1,19,73.9,11.558,30,27,27,34,26,33,34,29,33,31,37,33,48,35,41,37,60,60,60,60,60,60,59,60,60,60,60,60,60,60,60,59,223344,34.47069,148.69359,535,1,7,1.2,0,88.84,A,280322
130, 2022/03/28 22:41:00,953.13,953.3,27.7,57.1,18.9,73.7,11.511,31,40,20,34,19,26,37,27,33,23,29,32,39,37,48,43,60,60,60,60,60,60,59,60,60,60,60,60,60,60,60,59,223444,34.47069,148.69359,534.9,1,7,1.2,0,88.84,A,280322
131, 2022/03/28 22:42:00,953.08,953.3,27.7,57.1,18.9,73.6,11.542,31,31,26,35,26,33,21,24,31,26,28,30,38,48,50,55,60,60,60,60,60,60,59,60,60,60,60,60,60,60,60,59,223544,34.47069,148.69359,534.9,1,7,1.2,0,88.84,A,280322
132, 2022/03/28 22:43:00,953.12,953.4,27.8,57,19,74.5,11.558,34,32,26,34,16,29,24,23,29,30,34,34,43,45,48,44,60,60,60,60,60,60,59,60,60,60,60,60,60,60,60,59,223644,34.47131,148.69366,537,1,7,1.1,16.71,166.22,A,280322
133, 2022/03/28 22:44:00,952.34,952.8,27.8,56.9,19.2,73.8,11.534,28,32,35,24,19,25,34,31,32,38,32,36,46,37,39,49,60,60,60,60,60,60,59,60,60,60,60,60,60,60,60,59,223744,34.47433,148.69572,541.8,1,6,1.3,45.21,112.16,A,280322
134, 2022/03/28 22:45:00,951.31,951.6,27.9,56.9,19.2,73.3,11.553,44,23,20,35,24,35,30,42,38,28,46,44,44,43,54,46,60,60,60,60,60,60,60,60,60,60,60,60,60,60,60,59,223844,34.47646,148.69629,549.3,1,7,1.1,3.5,185.69,A,280322
135, 2022/03/28 22:46:00,951.28,951.6,27.9,56.9,19.2,74.6,11.546,30,31,25,37,25,32,26,35,34,25,36,29,45,39,43,43,60,60,60,60,60,60,60,60,60,60,60,60,60,60,60,59,223944,34.47647,148.69629,549.5,1,7,1.1,0,185.69,A,280322
136, 2022/03/28 22:47:00,951.29,951.5,28,56.8,19.2,74.4,11.516,31,27,30,36,31,23,28,24,35,25,27,30,44,39,52,52,60,60,60,60,60,60,60,60,60,60,60,60,60,60,60,59,224044,34.47647,148.69629,549.9,1,6,1.6,0,185.69,A,280322
137, 2022/03/28 22:48:00,951.3,951.5,28.1,56.7,19.3,74.8,11.547,21,26,31,25,24,38,29,34,24,26,21,32,49,40,43,43,60,60,60,60,60,60,60,60,60,60,60,60,60,60,60,59,224144,34.47647,148.69629,550.2,1,7,1,0,185.69,A,280322
138, 2022/03/28 22:49:00,951.26,951.6,28.1,56.7,19.2,73.8,11.511,32,28,23,28,26,21,33,27,22,26,29,31,51,55,48,34,60,60,60,60,60,60,60,60,60,60,60,60,60,60,60,59,224244,34.47647,148.69629,550.3,1,7,1,0,185.69,A,280322
139, 2022/03/28 22:50:00,951.3,951.6,28.2,56.6,19.2,72.7,11.543,29,31,26,26,24,32,23,29,27,32,38,24,43,33,45,69,60,60,60,60,60,60,60,60,60,60,60,60,60,60,60,59,224344,34.47647,148.69629,550.3,1,7,1,0,185.69,A,280322
140, 2022/03/28 22:51:00,951.3,951.6,28.2,56.6,19.1,74.1,11.54,26,30,30,28,30,24,24,28,25,28,28,32,47,46,38,45,60,60,60,60,60,60,60,60,60,60,60,60,60,60,60,59,224444,34.47647,148.69626,550.5,1,7,1,0,197.08,A,280322
141, 2022/03/28 22:52:00,951.3,951.6,28.3,56.5,19.1,73.4,11.554,37,24,36,35,23,18,27,28,32,39,37,33,37,41,53,38,60,60,60,60,60,60,60,60,60,60,60,60,60,60,60,59,224544,34.47647,148.69626,550.2,1,7,1,0,197.08,A,280322
142, 2022/03/28 22:53:00,951.3,951.6,28.3,56.5,19.1,73,11.535,25,29,33,34,22,30,26,29,31,27,27,31,49,36,46,40,60,60,60,60,60,60,60,60,60,60,60,60,59,60,60,60,224644,34.47647,148.69626,550.1,1,6,1,0,197.08,A,280322
143, 2022/03/28 22:54:00,951.35,951.6,28.4,56.4,19.2,72.6,11.525,29,30,28,31,26,25,17,25,17,30,37,19,50,43,39,48,60,60,60,60,60,60,60,60,60,60,60,60,59,60,60,60,224744,34.47647,148.69626,550,1,7,1,0,197.08,A,280322
144, 2022/03/28 22:55:00,951.29,951.6,28.4,56.4,19.1,72.5,11.51,30,35,34,25,26,16,26,29,39,33,24,27,39,44,38,53,60,60,60,60,60,60,60,60,60,60,60,60,59,60,60,60,224844,34.47647,148.69626,549.9,1,6,1.5,0,197.08,A,280322
145, 2022/03/28 22:56:00,951.34,951.6,28.5,56.4,19.1,73.4,11.562,29,30,31,28,30,28,23,33,24,41,41,28,52,36,48,54,60,60,60,60,60,60,60,60,60,60,60,60,59,60,60,60,224944,34.47647,148.69626,549.9,1,7,1,0,197.08,A,280322
146, 2022/03/28 22:57:00,951.33,951.6,28.6,56.3,19.3,72.8,11.558,31,36,29,31,15,30,20,27,28,20,37,35,49,53,34,38,60,60,60,60,60,60,60,60,60,60,60,60,59,60,60,60,225044,34.47647,148.69626,549.8,1,7,1,0,197.08,A,280322
147, 2022/03/28 22:58:00,951.34,951.6,28.6,56.3,19.3,72.3,11.54,37,47,29,25,23,26,21,20,27,25,35,29,42,55,46,43,60,60,60,60,60,60,60,60,60,60,60,60,59,60,60,60,225144,34.47646,148.69626,548.9,1,7,1,0,197.08,A,280322
148, 2022/03/28 22:59:00,952.1,952.7,28.6,56.3,19.2,71.5,11.529,31,37,31,32,28,37,32,30,29,23,24,37,41,37,44,60,60,60,60,60,60,60,60,60,60,60,60,60,59,60,60,60,225244,34.47498,148.6971,543.9,1,7,1,10.06,4.05,A,280322
149, 2022/03/28 23:00:00,951.99,952.1,28.7,56.2,19.4,71.5,11.544,34,34,30,34,32,27,33,17,30,27,33,35,41,54,44,39,60,60,60,60,60,60,60,60,60,60,60,60,59,60,60,60,225344,34.47566,148.6998,547,1,7,0.9,29.08,114.21,A,280322
150, 2022/03/28 23:01:00,952.59,952.8,28.8,56,19.6,69.4,11.493,33,37,31,16,19,30,29,35,35,37,35,33,51,43,38,53,60,60,60,60,60,60,60,60,60,60,60,60,59,60,60,60,225444,34.47469,148.69763,525.9,1,7,0.9,5.15,310.24,A,280322
151, 2022/03/28 23:02:00,952.55,952.8,28.8,56.1,19.7,69.5,11.465,27,34,32,25,37,25,17,30,37,21,36,29,38,50,44,45,60,60,60,60,60,60,60,60,60,60,60,60,59,60,60,60,225544,34.47467,148.69763,525.9,1,7,0.9,0.74,310.24,A,280322
152, 2022/03/28 23:03:00,952.6,952.9,28.9,56,19.8,69.9,11.46,25,22,27,29,28,24,31,24,23,30,28,32,47,37,35,35,60,60,60,60,60,60,60,60,60,60,60,60,59,60,60,60,225644,34.47467,148.69737,527.1,1,6,1.1,0,269.65,A,280322
153, 2022/03/28 23:04:00,952.67,952.9,28.9,56.1,20,69.2,11.49,22,23,24,31,17,27,32,27,23,34,28,27,47,41,51,57,60,60,60,60,60,60,60,60,60,60,60,60,60,60,60,60,225744,34.47459,148.6971,526.6,1,7,0.9,0,312.19,A,280322
154, 2022/03/28 23:05:00,952.69,953,28.9,56,20.1,68.9,11.499,31,30,38,27,29,36,35,30,31,26,29,29,44,50,38,47,60,60,60,60,60,60,60,60,60,60,60,60,60,60,60,60,225844,34.47391,148.69524,525.3,1,7,0.9,17.63,291.99,A,280322
155, 2022/03/28 23:06:00,953.07,953.4,29,56,19.9,68.1,11.52,28,36,26,22,26,24,26,28,21,22,27,31,49,41,35,49,60,60,60,60,60,60,60,60,60,60,60,60,60,60,60,60,225944,34.47202,148.69484,530.1,1,7,0.9,0,18.94,A,280322
156, 2022/03/28 23:07:00,953.07,953.3,29,56,20,67.9,11.542,36,25,23,24,29,30,30,25,25,18,32,27,39,42,42,48,60,60,60,60,60,60,60,60,60,60,60,60,60,60,60,60,230044,34.47202,148.69484,530.4,1,7,0.9,0,18.94,A,280322
157, 2022/03/28 23:08:00,953.06,953.4,29.1,56,20,68.1,11.515,25,32,28,26,25,23,33,38,27,25,44,37,47,52,40,42,60,60,60,60,60,60,60,60,60,60,60,60,60,60,60,60,230144,34.47202,148.69484,530.7,1,7,0.9,0,18.94,A,280322
158, 2022/03/28 23:09:00,953.08,953.4,29.1,56,20.2,68.5,11.524,22,24,29,29,28,27,27,23,34,29,28,37,37,30,40,36,60,60,60,60,60,60,60,60,60,60,60,60,60,60,60,60,230244,34.47203,148.69484,530.9,1,7,0.9,0,18.94,A,280322
159, 2022/03/28 23:10:00,953.08,953.4,29.2,56,20.4,67.6,11.532,30,25,26,36,35,29,21,28,30,31,23,37,53,51,32,44,60,60,60,60,60,60,60,60,60,60,60,60,60,60,60,60,230344,34.47203,148.69484,531.1,1,7,0.9,0,18.94,A,280322
160, 2022/03/28 23:11:00,953.05,953.4,29.3,55.9,20.4,66.4,11.543,37,37,31,24,19,29,21,32,20,22,27,37,37,37,45,39,60,60,60,60,60,60,60,60,60,60,60,60,60,60,60,60,230444,34.47203,148.69484,531.2,1,7,0.9,0,18.94,A,280322
161, 2022/03/28 23:12:00,953.03,953.4,29.3,55.9,20.4,66.5,11.546,38,26,28,28,34,19,32,26,28,35,29,31,43,48,43,65,60,60,60,60,60,60,60,60,60,60,60,60,60,60,60,60,230544,34.47203,148.69484,531.2,1,7,0.9,0,18.94,A,280322
162, 2022/03/28 23:13:00,953.03,953.4,29.4,55.9,20.4,66.7,11.545,32,31,31,25,37,27,40,35,22,35,30,30,43,41,45,44,60,60,60,60,60,60,60,60,60,60,60,60,60,60,60,60,230644,34.4719,148.69489,530.8,1,7,0.9,17.06,15.08,A,280322
163, 2022/03/28 23:14:00,953.74,954.1,29.4,55.9,20.3,66.2,11.509,23,23,32,38,27,28,21,21,31,28,27,29,45,42,34,36,60,60,60,60,60,59,60,60,60,60,60,60,60,60,60,60,230744,34.47112,148.69653,525.9,1,7,0.9,0,25.29,A,280322
164, 2022/03/28 23:15:00,953.76,954.1,29.5,55.8,20.1,66.7,11.53,30,18,25,25,16,27,21,29,42,33,25,29,46,49,44,53,60,60,60,60,60,59,60,60,60,60,60,60,60,60,60,60,230844,34.47112,148.69653,526,1,7,0.9,0,25.29,A,280322
165, 2022/03/28 23:16:00,953.77,954.1,29.5,55.8,20.2,66.8,11.515,27,39,32,26,25,30,26,22,35,25,33,30,42,43,36,43,60,60,60,60,60,59,60,60,60,60,60,60,60,60,60,60,230944,34.47112,148.69653,526,1,7,0.9,0,25.29,A,280322
166, 2022/03/28 23:17:00,953.75,954.1,29.6,55.8,20.3,65.8,11.532,32,30,30,22,23,27,17,22,24,22,37,32,30,39,48,44,60,60,60,60,60,59,60,60,60,60,60,60,60,60,60,60,231044,34.47112,148.69653,526.1,1,6,1.1,0,25.29,A,280322
167, 2022/03/28 23:18:00,953.78,954.1,29.6,55.8,20.2,65.4,11.51,28,22,22,31,19,26,28,29,32,25,29,25,43,33,36,45,59,60,60,60,60,59,60,60,60,60,60,60,60,60,60,60,231144,34.47112,148.69653,526.1,1,7,0.9,0,25.29,A,280322
168, 2022/03/28 23:19:00,953.79,954.1,29.7,55.7,20.3,65.6,11.527,30,28,29,30,28,30,37,31,30,21,29,30,33,42,33,31,59,60,60,60,60,59,60,60,60,60,60,60,60,60,60,60,231244,34.47099,148.69661,525.4,1,7,0.9,16.43,18.03,A,280322
169, 2022/03/28 23:20:00,953.86,954.3,29.7,55.7,20.3,64.8,11.531,34,36,33,34,26,23,33,28,22,26,36,24,43,49,36,38,59,60,60,60,60,59,60,60,60,60,60,60,60,60,60,60,231344,34.47038,148.69691,524.1,1,7,0.9,0,20.52,A,280322
170, 2022/03/28 23:21:00,954.01,954.3,29.8,55.7,20.3,65.2,11.531,35,26,26,30,30,14,16,17,31,27,33,35,42,48,25,39,59,60,60,60,60,59,60,60,60,60,60,60,60,60,60,60,231444,34.47038,148.69691,524.1,1,7,0.9,0,20.52,A,280322
171, 2022/03/28 23:22:00,954.01,954.3,29.8,55.7,20.4,65.1,11.513,27,22,31,35,23,26,18,22,29,29,33,34,52,34,44,46,59,60,60,60,60,59,60,60,60,60,60,60,60,60,60,60,231544,34.47038,148.69691,524,1,7,0.9,0,20.52,A,280322
172, 2022/03/28 23:23:00,954,954.3,29.8,55.7,20.4,64.9,11.499,24,32,33,31,25,19,29,26,26,33,24,32,39,41,39,37,59,60,60,60,60,59,60,60,60,60,60,60,60,60,60,60,231644,34.47038,148.69691,524,1,7,0.9,0,20.52,A,280322
173, 2022/03/28 23:24:00,954.04,954.3,29.9,55.7,20.4,64.6,11.544,32,32,22,22,31,26,21,25,29,39,25,14,46,44,37,35,59,60,60,60,60,59,60,60,60,60,60,60,60,60,60,60,231744,34.47021,148.69713,524.3,1,7,0.9,0,56.02,A,280322
174, 2022/03/28 23:25:00,954.17,954.5,30,55.6,20.1,66.1,11.533,24,24,25,18,22,34,19,32,36,27,26,28,41,36,31,35,59,60,60,60,60,59,60,60,60,60,60,60,60,60,60,60,231844,34.46975,148.69691,521.2,1,7,0.9,0,292.12,A,280322
175, 2022/03/28 23:26:00,954.2,954.5,30,55.5,20.3,65,11.488,21,28,18,22,24,27,26,19,31,23,21,27,53,44,37,40,59,60,60,60,60,59,60,60,60,60,60,60,60,60,60,60,231944,34.46975,148.69691,521.1,1,7,0.9,0,292.12,A,280322
176, 2022/03/28 23:27:00,954.21,954.5,30.1,55.5,20.5,64.6,11.538,25,35,24,21,27,29,17,22,19,31,22,30,44,41,42,41,59,60,60,60,60,59,60,60,60,60,60,60,60,60,60,60,232044,34.46975,148.69691,521.1,1,7,0.9,0,292.12,A,280322
177, 2022/03/28 23:28:00,954.24,954.6,30.1,55.5,20.5,64,11.511,22,33,26,26,17,17,16,24,30,31,24,30,48,41,34,47,59,60,60,60,60,60,60,60,60,60,60,60,60,60,60,60,232144,34.46977,148.69691,520.7,1,8,0.9,0,292.12,A,280322
178, 2022/03/28 23:29:00,954.25,954.6,30.1,55.5,20.6,64.3,11.53,37,31,21,26,30,20,21,29,28,26,32,27,38,38,44,43,60,60,60,60,60,60,60,60,60,60,60,60,60,60,60,60,232244,34.46977,148.69691,520.7,1,8,0.9,0,292.12,A,280322
179, 2022/03/28 23:30:00,954.32,954.6,30.2,55.4,20.7,64.1,11.527,22,27,25,30,28,19,23,17,26,38,33,31,45,40,48,37,60,60,60,60,60,60,60,60,60,60,60,60,60,60,60,60,232344,34.46977,148.69691,520.8,1,9,0.9,0,292.12,A,280322
180, 2022/03/28 23:31:00,954.12,954.5,30.3,55.4,20.6,64.4,11.536,44,23,26,27,20,26,27,28,36,28,24,36,35,47,32,25,60,60,60,60,60,60,60,60,60,60,60,60,60,60,60,60,232444,34.46928,148.69576,517.6,1,9,0.9,21,17.71,A,280322
181, 2022/03/28 23:32:00,954.32,954.7,30.3,55.3,20.6,65.6,11.517,28,25,23,27,18,23,24,32,28,21,32,28,33,43,49,55,60,60,60,60,60,60,60,60,60,60,60,60,60,60,60,60,232544,34.46848,148.69608,516.8,1,7,1.1,0,12.8,A,280322
182, 2022/03/28 23:33:00,954.44,954.8,30.4,55.2,20.6,65.6,11.494,24,35,28,22,29,23,20,17,32,24,25,27,43,42,39,28,60,60,60,60,60,60,60,60,60,60,60,60,60,60,60,60,232644,34.46768,148.69633,516.7,1,8,1,17.82,18.26,A,280322
183, 2022/03/28 23:34:00,954.62,954.9,30.4,55.1,20.4,66.3,11.455,26,18,26,24,23,36,23,28,28,21,20,19,38,29,42,56,60,60,60,60,60,60,60,60,60,60,60,60,60,60,60,60,232744,34.46641,148.69743,515.8,1,8,1,11.57,101.68,A,280322
184, 2022/03/28 23:35:00,954.49,954.9,30.5,54.8,20.2,66.4,11.531,22,24,23,26,23,17,29,25,16,34,14,18,37,38,31,42,60,60,60,60,60,60,60,60,60,60,60,60,60,60,60,60,232844,34.46744,148.6973,518.5,1,9,1,20.21,294.5,A,280322
185, 2022/03/28 23:36:00,954.64,954.9,30.5,54.7,20.2,67.6,11.508,37,33,25,26,21,20,23,20,24,29,30,26,35,45,40,44,60,60,60,60,60,60,60,60,60,60,60,60,60,60,60,60,232944,34.46696,148.69562,517.9,1,10,0.7,9.67,295.77,A,280322
186, 2022/03/28 23:37:00,954.53,955,30.6,54.3,20.4,65.4,11.579,19,27,22,28,26,27,19,35,20,33,23,30,48,39,33,44,60,60,60,60,60,60,60,60,60,60,60,60,60,60,60,60,233044,34.4667,148.69308,517.1,1,10,0.8,9.78,266.05,A,280322
187, 2022/03/28 23:38:00,953.84,954,30.6,54.4,20.2,66.1,11.591,32,39,29,25,17,25,27,25,30,33,40,27,31,31,48,57,60,60,60,60,60,60,60,60,60,60,60,60,60,60,60,60,233144,34.46914,148.69283,527.6,1,10,0.8,30.39,174.81,A,280322
188, 2022/03/28 23:39:00,952.7,953.2,30.6,54.3,20,66.9,11.58,45,43,44,37,34,29,24,34,34,27,32,44,37,44,39,37,60,60,60,60,60,60,60,60,60,60,60,60,60,60,60,60,233244,34.47337,148.69295,542.1,1,10,0.8,29,291.57,A,280322
189, 2022/03/28 23:40:00,954.02,954.4,30.7,54.2,19.9,67.5,11.598,25,28,28,32,28,40,29,31,34,32,40,24,43,49,46,37,60,60,60,60,60,60,60,60,60,60,60,60,60,60,60,60,233344,34.47337,148.68874,525.1,1,10,0.8,17.59,208.75,A,280322
190, 2022/03/28 23:41:00,954.98,955.4,30.7,54.2,20,66.9,11.593,37,35,22,32,19,23,27,21,27,29,25,40,31,45,43,40,60,60,60,60,60,60,60,60,60,60,60,60,60,60,60,60,233444,34.4745,148.68715,516.6,1,10,0.8,21.67,243.23,A,280322
191, 2022/03/28 23:42:00,955.56,955.7,30.8,54.1,20.1,67.4,11.601,39,35,23,28,31,30,30,33,35,28,26,35,27,55,42,53,60,60,60,60,60,60,60,60,60,60,60,60,60,60,60,60,233544,34.47557,148.68393,510.4,1,10,0.8,18,344.69,A,280322
192, 2022/03/28 23:43:00,955.76,956.1,30.8,54,20.3,66.9,11.644,24,29,28,33,26,16,28,30,27,38,25,26,46,41,32,50,60,60,60,60,60,60,60,60,60,60,60,60,60,60,60,60,233644,34.47422,148.68275,513.1,1,10,0.8,0,298.08,A,280322
193, 2022/03/28 23:44:00,955.85,956.2,30.8,54.1,20.8,65.7,11.618,29,30,29,34,28,35,21,30,34,37,34,25,53,54,36,57,60,60,60,60,60,60,60,60,60,60,60,60,60,60,60,60,233744,34.47408,148.68256,510.3,1,10,0.8,0,328.65,A,280322
194, 2022/03/28 23:45:00,956.42,957,30.9,53.9,21.1,64,11.615,33,31,36,29,19,27,28,23,35,41,28,27,40,52,47,57,60,60,60,60,60,60,60,60,60,60,60,60,60,60,60,60,233844,34.47282,148.68123,505.4,1,10,0.8,7.24,329.33,A,280322
195, 2022/03/28 23:46:00,955.82,956.2,30.9,53.9,21.1,64.1,11.594,28,36,31,27,22,29,30,30,29,25,39,36,39,43,23,27,60,60,60,60,60,60,60,60,60,60,60,60,60,60,60,60,233944,34.47316,148.68237,506.7,1,10,0.8,15.41,123.75,A,280322
196, 2022/03/28 23:47:00,955.83,956.2,31,53.7,20.9,63.9,11.616,25,24,30,25,18,25,24,20,31,31,27,34,44,51,42,44,60,60,60,60,60,60,60,60,60,60,60,60,60,60,60,60,234044,34.47286,148.68501,509.4,1,10,0.8,15.13,17.53,A,280322
197, 2022/03/28 23:48:00,955.72,956,31,53.7,20.9,64.5,11.591,24,36,31,25,22,40,27,31,26,41,25,33,39,42,44,32,60,60,60,60,60,60,60,60,60,60,60,60,60,60,60,60,234144,34.47178,148.68581,507.4,1,10,0.8,10.15,38.95,A,280322
198, 2022/03/28 23:49:00,955.12,955.3,31,53.7,20.6,64.5,11.632,25,22,32,27,22,26,13,22,30,32,29,26,40,47,44,35,60,60,60,60,60,60,60,60,60,60,60,60,60,60,60,60,234244,34.47107,148.68665,505.6,1,10,0.8,10.37,46.68,A,280322
199, 2022/03/28 23:50:00,955.49,955.9,31.1,53.7,20.6,65.5,11.606,34,32,37,24,32,32,33,31,41,29,39,22,40,48,55,45,60,60,60,60,60,60,60,60,60,60,60,60,60,60,60,60,234344,34.47021,148.68405,509.3,1,10,0.8,27.28,244.01,A,280322
200, 2022/03/28 23:51:00,956.28,956.7,31.1,53.6,20.3,66.8,11.598,29,22,38,32,33,26,16,24,20,33,37,32,47,46,52,35,60,60,60,60,60,60,60,60,60,60,60,60,60,60,60,60,234444,34.47205,148.6813,497.4,1,10,0.8,20.3,237.62,A,280322
201, 2022/03/28 23:52:00,956.82,957.3,31.1,53.7,20.1,67.8,11.6,28,26,28,36,21,34,37,28,33,20,35,29,48,51,38,44,60,60,60,60,60,60,60,60,60,60,60,60,60,60,60,60,234544,34.47235,148.68066,492.1,1,10,0.8,7.67,257.02,A,280322
202, 2022/03/28 23:53:00,957.13,957.5,31.2,53.6,20.1,68.3,11.573,32,23,27,22,31,33,28,22,29,28,26,33,33,37,35,49,60,60,60,60,60,60,60,60,60,60,60,60,60,60,60,60,234644,34.47164,148.6799,491.8,1,10,0.8,17.39,301.35,A,280322
203, 2022/03/28 23:54:00,957.2,957.6,31.2,53.5,20.2,66.6,11.608,24,24,39,31,23,24,24,25,26,29,27,31,34,32,43,34,60,60,60,60,60,60,60,60,60,60,60,60,60,60,60,60,234744,34.47022,148.67975,487.3,1,9,0.8,0.33,37.6,A,280322
204, 2022/03/28 23:55:00,957.19,957.5,31.3,53.5,20.3,67.5,11.602,37,29,24,26,17,26,22,30,29,25,27,24,43,43,36,55,60,60,60,60,60,60,60,60,60,60,60,60,60,60,60,60,234844,34.47015,148.6799,486.4,1,9,0.8,0.52,81.19,A,280322
205, 2022/03/28 23:56:00,956.05,956.2,31.3,53.3,20.5,66.3,11.611,37,26,34,30,17,26,32,21,33,33,32,33,59,48,53,47,60,60,60,60,60,60,60,60,60,60,60,60,60,60,60,60,234944,34.46979,148.68295,504.6,1,10,0.8,21.96,80.14,A,280322
206, 2022/03/28 23:57:00,955.44,955.7,31.3,53.2,20.9,64.6,11.578,32,35,28,29,32,39,23,22,34,39,26,33,32,53,41,48,60,60,60,60,60,60,60,60,60,60,60,60,60,60,60,60,235044,34.47012,148.68561,510.3,1,10,0.8,16.28,126.96,A,280322
207, 2022/03/28 23:58:00,954.17,954.4,31.4,53.1,20.8,64.1,11.576,27,32,21,27,33,26,37,21,31,34,34,42,46,44,35,40,60,60,60,60,59,60,60,60,60,60,60,60,60,60,60,60,235144,34.4722,148.68958,519.5,1,10,0.8,31.35,112.62,A,280322
208, 2022/03/28 23:59:00,953.14,953.6,31.4,53.1,20.5,65,11.572,25,28,26,30,21,28,29,26,36,39,33,31,48,42,48,49,60,60,60,60,59,60,60,60,60,60,60,60,60,60,60,60,235244,34.47218,148.69316,529.8,1,10,0.8,33.6,355.57,A,280322
209, 2022/03/29 00:00:00,953.31,953.6,31.4,53.1,20.2,65.8,11.558,34,29,24,22,24,34,32,20,28,25,45,34,43,42,43,50,60,60,60,60,59,60,60,60,60,60,60,60,60,60,60,60,235344,34.47069,148.69362,531.9,1,10,0.8,0,89.96,A,280322
210, 2022/03/29 00:01:00,953.24,953.7,31.5,53.1,19.9,66.8,11.594,24,40,34,33,31,26,27,27,35,34,32,25,28,42,45,50,60,60,60,60,59,60,60,60,60,60,60,60,60,60,60,60,235444,34.47069,148.69362,532,1,10,0.8,0,89.96,A,280322
211, 2022/03/29 00:02:00,953.26,953.7,31.6,53.1,19.7,67.5,11.595,31,24,28,26,21,31,27,27,24,29,29,33,40,38,31,51,60,60,60,60,59,60,60,60,60,60,60,60,60,60,60,60,235544,34.47069,148.69362,532,1,9,0.8,0,89.96,A,280322
212, 2022/03/29 00:03:00,953.24,953.6,31.6,53,19.7,67.6,11.592,29,33,33,28,27,23,33,21,27,28,28,20,39,45,36,37,60,60,60,60,59,60,60,60,60,60,60,60,60,60,60,60,235644,34.47069,148.69362,532.3,1,9,0.8,0,89.96,A,280322
213, 2022/03/29 00:04:00,953.23,953.6,31.6,53.1,19.8,67.6,11.638,28,32,36,31,28,26,22,30,29,29,32,36,42,46,37,60,60,60,60,60,59,60,60,60,60,60,60,60,60,60,60,60,235744,34.47069,148.69362,532.5,1,10,0.8,0,89.96,A,280322
214, 2022/03/29 00:05:00,953.25,953.7,31.6,53.2,19.8,67.4,11.641,25,41,31,20,24,27,20,18,35,29,29,24,34,42,44,57,60,60,60,60,59,60,60,60,60,60,60,60,60,60,60,60,235844,34.47069,148.69362,532.6,1,10,0.8,0,89.96,A,280322
215, 2022/03/29 00:06:00,953.27,953.7,31.6,53.3,19.7,67,11.594,30,27,21,33,39,27,25,22,35,27,26,29,32,46,44,45,60,60,60,60,59,60,60,60,60,60,60,60,60,60,60,60,235944,34.47069,148.69362,532.7,1,9,0.8,0,89.96,A,280322
